{
  "background": 0.1,
  "wire": 0.22584981877044116,
  "junction": 5.876493331723563,
  "resistor": 1.000704539288972,
  "capacitor": 12.67073867604668,
  "inductor": 5.4956722891566265,
  "ac_source": 8.272463479745975,
  "dc_source": 0.9992964520653513,
  "ground": 20.139225560343522,
  "and_gate": 0.3246487717585814,
  "or_gate": 0.6519933402857823,
  "not_gate": 1.5012069890268938,
  "nand_gate": 0.4477797540821206,
  "nor_gate": 0.7959648463643811,
  "xor_gate": 0.6070283438838491,
  "xnor_gate": 1.1354119846564719
}